"potential real part"	"result"	"vtkValidPointMask"	"arc_length"	"Points:0"	"Points:1"	"Points:2"
0.033312	22.335	1	0	0.05	0.0335	0.01101
0.033346	0.00047087	1	3.2999e-05	0.05	0.033533	0.01101
0.033346	0.0004578	1	6.5997e-05	0.05	0.033566	0.01101
0.033346	0.00044607	1	9.9e-05	0.05	0.033599	0.01101
0.033346	0.00043375	1	0.000132	0.05	0.033632	0.01101
0.033346	0.00042155	1	0.000165	0.05	0.033665	0.01101
0.033346	0.00040948	1	0.000198	0.05	0.033698	0.01101
0.033346	0.00039753	1	0.00023099	0.05	0.033731	0.01101
0.033346	0.0003857	1	0.000264	0.05	0.033764	0.01101
0.033346	0.00037399	1	0.000297	0.05	0.033797	0.01101
0.033346	0.00036241	1	0.00032999	0.05	0.03383	0.01101
0.033346	0.00035095	1	0.00036299	0.05	0.033863	0.01101
0.033346	0.00033961	1	0.00039599	0.05	0.033896	0.01101
0.033346	0.00032839	1	0.00042899	0.05	0.033929	0.01101
0.033346	0.0003173	1	0.00046199	0.05	0.033962	0.01101
0.033346	0.00030633	1	0.00049499	0.05	0.033995	0.01101
0.033346	0.00029548	1	0.00052799	0.05	0.034028	0.01101
0.033346	0.00028475	1	0.00056099	0.05	0.034061	0.01101
0.033346	0.00027415	1	0.00059399	0.05	0.034094	0.01101
0.033346	0.00026367	1	0.00062699	0.05	0.034127	0.01101
0.033346	0.00025331	1	0.00065999	0.05	0.03416	0.01101
0.033346	0.00024308	1	0.00069299	0.05	0.034193	0.01101
0.033346	0.00023296	1	0.00072599	0.05	0.034226	0.01101
0.033346	0.00022297	1	0.00075899	0.05	0.034259	0.01101
0.033346	0.0002131	1	0.00079199	0.05	0.034292	0.01101
0.033346	0.00020336	1	0.00082498	0.05	0.034325	0.01101
0.033346	0.00019374	1	0.00085799	0.05	0.034358	0.01101
0.033346	0.00018424	1	0.00089099	0.05	0.034391	0.01101
0.033346	0.00017486	1	0.00092398	0.05	0.034424	0.01101
0.033346	0.00016561	1	0.00095698	0.05	0.034457	0.01101
0.033346	0.00015647	1	0.00098998	0.05	0.03449	0.01101
0.033346	0.0002081	1	0.001023	0.05	0.034523	0.01101
0.033346	0.00020709	1	0.001056	0.05	0.034556	0.01101
0.033346	0.00020609	1	0.001089	0.05	0.034589	0.01101
0.033346	0.00020511	1	0.001122	0.05	0.034622	0.01101
0.033346	0.00020414	1	0.001155	0.05	0.034655	0.01101
0.033346	0.00020317	1	0.001188	0.05	0.034688	0.01101
0.033346	0.00020222	1	0.001221	0.05	0.034721	0.01101
0.033346	0.00020129	1	0.001254	0.05	0.034754	0.01101
0.033346	0.00020036	1	0.001287	0.05	0.034787	0.01101
0.033346	0.00019945	1	0.00132	0.05	0.03482	0.01101
0.033346	0.00019855	1	0.001353	0.05	0.034853	0.01101
0.033346	0.00019766	1	0.001386	0.05	0.034886	0.01101
0.033346	0.00019678	1	0.001419	0.05	0.034919	0.01101
0.033346	0.00019591	1	0.001452	0.05	0.034952	0.01101
0.033346	0.00019506	1	0.001485	0.05	0.034985	0.01101
0.033346	0.00019422	1	0.001518	0.05	0.035018	0.01101
0.033346	0.00019339	1	0.001551	0.05	0.035051	0.01101
0.033346	0.00019257	1	0.001584	0.05	0.035084	0.01101
0.033346	0.00019176	1	0.001617	0.05	0.035117	0.01101
0.033346	0.00019097	1	0.00165	0.05	0.03515	0.01101
0.033346	0.00019018	1	0.001683	0.05	0.035183	0.01101
0.033346	0.00018941	1	0.001716	0.05	0.035216	0.01101
0.033346	0.00018865	1	0.001749	0.05	0.035249	0.01101
0.033346	0.00018791	1	0.001782	0.05	0.035282	0.01101
0.033346	0.00018717	1	0.001815	0.05	0.035315	0.01101
0.033346	0.00018673	1	0.001848	0.05	0.035348	0.01101
0.033346	0.00018602	1	0.001881	0.05	0.035381	0.01101
0.033346	0.00018531	1	0.001914	0.05	0.035414	0.01101
0.033346	0.00018462	1	0.001947	0.05	0.035447	0.01101
0.033346	0.00018393	1	0.00198	0.05	0.03548	0.01101
0.033346	0.00018326	1	0.002013	0.05	0.035513	0.01101
0.033346	0.00018911	1	0.002046	0.05	0.035546	0.01101
0.033346	0.00018887	1	0.002079	0.05	0.035579	0.01101
0.033346	0.00018864	1	0.002112	0.05	0.035612	0.01101
0.033346	0.00018841	1	0.002145	0.05	0.035645	0.01101
0.033346	0.00018819	1	0.002178	0.05	0.035678	0.01101
0.033346	0.00018796	1	0.002211	0.05	0.035711	0.01101
0.033346	0.00018774	1	0.002244	0.05	0.035744	0.01101
0.033346	0.00018752	1	0.002277	0.05	0.035777	0.01101
0.033346	0.00018731	1	0.00231	0.05	0.03581	0.01101
0.033346	0.0001871	1	0.002343	0.05	0.035843	0.01101
0.033346	0.0001871	1	0.002376	0.05	0.035876	0.01101
0.033346	0.00018714	1	0.002409	0.05	0.035909	0.01101
0.033346	0.00018695	1	0.002442	0.05	0.035942	0.01101
0.033346	0.00018676	1	0.002475	0.05	0.035975	0.01101
0.033346	0.00018657	1	0.002508	0.05	0.036008	0.01101
0.033346	0.00018638	1	0.002541	0.05	0.036041	0.01101
0.033346	0.0001862	1	0.002574	0.05	0.036074	0.01101
0.033346	0.00018602	1	0.002607	0.05	0.036107	0.01101
0.033346	0.00018584	1	0.00264	0.05	0.03614	0.01101
0.033346	0.00018567	1	0.002673	0.05	0.036173	0.01101
0.033346	0.00018549	1	0.002706	0.05	0.036206	0.01101
0.033346	0.00018533	1	0.002739	0.05	0.036239	0.01101
0.033346	0.00018516	1	0.002772	0.05	0.036272	0.01101
0.033346	0.000185	1	0.0028049	0.05	0.036305	0.01101
0.033346	0.00018483	1	0.0028379	0.05	0.036338	0.01101
0.033346	0.00018468	1	0.002871	0.05	0.036371	0.01101
0.033346	0.00018452	1	0.0029039	0.05	0.036404	0.01101
0.033346	0.00018437	1	0.0029369	0.05	0.036437	0.01101
0.033346	0.00018422	1	0.0029699	0.05	0.03647	0.01101
0.033346	0.00018407	1	0.0030029	0.05	0.036503	0.01101
0.033346	0.00018393	1	0.0030359	0.05	0.036536	0.01101
0.033346	0.00018656	1	0.0030689	0.05	0.036569	0.01101
0.033346	0.00018648	1	0.0031019	0.05	0.036602	0.01101
0.033346	0.0001864	1	0.0031349	0.05	0.036635	0.01101
0.033346	0.00018633	1	0.0031679	0.05	0.036668	0.01101
0.033346	0.00018626	1	0.0032009	0.05	0.036701	0.01101
0.033346	0.00018618	1	0.0032339	0.05	0.036734	0.01101
0.033346	0.00018611	1	0.0032669	0.05	0.036767	0.01101
0.033346	0.00018604	1	0.0032999	0.05	0.0368	0.01101
0.033346	0.00018597	1	0.0033329	0.05	0.036833	0.01101
0.033346	0.0001859	1	0.0033659	0.05	0.036866	0.01101
0.033346	0.00018584	1	0.0033989	0.05	0.036899	0.01101
0.033346	0.00018613	1	0.0034319	0.05	0.036932	0.01101
0.033346	0.00018642	1	0.0034649	0.05	0.036965	0.01101
0.033346	0.00018638	1	0.0034979	0.05	0.036998	0.01101
0.033346	0.00018634	1	0.0035309	0.05	0.037031	0.01101
0.033346	0.00018629	1	0.0035639	0.05	0.037064	0.01101
0.033346	0.00018625	1	0.0035969	0.05	0.037097	0.01101
0.033346	0.00018621	1	0.0036299	0.05	0.03713	0.01101
0.033346	0.00018618	1	0.0036629	0.05	0.037163	0.01101
0.033346	0.00018614	1	0.0036959	0.05	0.037196	0.01101
0.033346	0.0001861	1	0.0037289	0.05	0.037229	0.01101
0.033346	0.00018607	1	0.0037619	0.05	0.037262	0.01101
0.033346	0.00018603	1	0.0037949	0.05	0.037295	0.01101
0.033346	0.000186	1	0.0038279	0.05	0.037328	0.01101
0.033346	0.00018596	1	0.0038609	0.05	0.037361	0.01101
0.033346	0.00018593	1	0.0038939	0.05	0.037394	0.01101
0.033346	0.0001859	1	0.0039269	0.05	0.037427	0.01101
0.033346	0.00018587	1	0.0039599	0.05	0.03746	0.01101
0.033346	0.00018584	1	0.0039929	0.05	0.037493	0.01101
0.033346	0.00018581	1	0.0040259	0.05	0.037526	0.01101
0.033346	0.00018578	1	0.0040589	0.05	0.037559	0.01101
0.033346	0.00018576	1	0.0040919	0.05	0.037592	0.01101
0.033346	0.00018574	1	0.0041249	0.05	0.037625	0.01101
0.033346	0.00018572	1	0.0041579	0.05	0.037658	0.01101
0.033346	0.0001857	1	0.0041909	0.05	0.037691	0.01101
0.033346	0.00018569	1	0.0042239	0.05	0.037724	0.01101
0.033346	0.00018567	1	0.0042569	0.05	0.037757	0.01101
0.033346	0.00018565	1	0.0042899	0.05	0.03779	0.01101
0.033346	0.00018563	1	0.0043229	0.05	0.037823	0.01101
0.033346	0.00018562	1	0.0043559	0.05	0.037856	0.01101
0.033346	0.0001856	1	0.0043889	0.05	0.037889	0.01101
0.033346	0.00018558	1	0.0044219	0.05	0.037922	0.01101
0.033346	0.00018557	1	0.0044549	0.05	0.037955	0.01101
0.033346	0.00018555	1	0.0044879	0.05	0.037988	0.01101
0.033346	0.00018554	1	0.0045209	0.05	0.038021	0.01101
0.033346	0.00018552	1	0.0045539	0.05	0.038054	0.01101
0.033346	0.00018551	1	0.0045869	0.05	0.038087	0.01101
0.033346	0.00018549	1	0.0046199	0.05	0.03812	0.01101
0.033346	0.00018548	1	0.0046529	0.05	0.038153	0.01101
0.033346	0.00018546	1	0.0046859	0.05	0.038186	0.01101
0.033346	0.00018545	1	0.0047189	0.05	0.038219	0.01101
0.033346	0.00018544	1	0.0047519	0.05	0.038252	0.01101
0.033346	0.00018542	1	0.0047849	0.05	0.038285	0.01101
0.033346	0.00018541	1	0.0048179	0.05	0.038318	0.01101
0.033346	0.0001854	1	0.0048509	0.05	0.038351	0.01101
0.033346	0.00018538	1	0.0048839	0.05	0.038384	0.01101
0.033346	0.00018537	1	0.0049169	0.05	0.038417	0.01101
0.033346	0.00018536	1	0.0049499	0.05	0.03845	0.01101
0.033346	0.00018551	1	0.0049829	0.05	0.038483	0.01101
0.033346	0.00018557	1	0.0050159	0.05	0.038516	0.01101
0.033346	0.00018555	1	0.0050489	0.05	0.038549	0.01101
0.033346	0.00018553	1	0.0050819	0.05	0.038582	0.01101
0.033346	0.0001861	1	0.0051149	0.05	0.038615	0.01101
0.033346	0.00018671	1	0.0051479	0.05	0.038648	0.01101
0.033346	0.00018668	1	0.0051809	0.05	0.038681	0.01101
0.033346	0.00018672	1	0.0052139	0.05	0.038714	0.01101
0.033346	0.00018671	1	0.0052469	0.05	0.038747	0.01101
0.033346	0.00018671	1	0.0052799	0.05	0.03878	0.01101
0.033346	0.0001867	1	0.0053129	0.05	0.038813	0.01101
0.033346	0.0001867	1	0.0053459	0.05	0.038846	0.01101
0.033346	0.0001867	1	0.0053789	0.05	0.038879	0.01101
0.033346	0.00018669	1	0.0054119	0.05	0.038912	0.01101
0.033346	0.00018669	1	0.0054449	0.05	0.038945	0.01101
0.033346	0.00018669	1	0.0054779	0.05	0.038978	0.01101
0.033346	0.00018668	1	0.0055109	0.05	0.039011	0.01101
0.033346	0.00018668	1	0.0055439	0.05	0.039044	0.01101
0.033346	0.00018667	1	0.0055769	0.05	0.039077	0.01101
0.033346	0.00018667	1	0.0056099	0.05	0.03911	0.01101
0.033346	0.00018667	1	0.0056429	0.05	0.039143	0.01101
0.033346	0.00018666	1	0.0056759	0.05	0.039176	0.01101
0.033346	0.00018666	1	0.0057089	0.05	0.039209	0.01101
0.033346	0.00018666	1	0.0057419	0.05	0.039242	0.01101
0.033346	0.00018665	1	0.0057749	0.05	0.039275	0.01101
0.033346	0.00018665	1	0.0058079	0.05	0.039308	0.01101
0.033346	0.00018665	1	0.0058409	0.05	0.039341	0.01101
0.033346	0.00018664	1	0.0058739	0.05	0.039374	0.01101
0.033346	0.00018664	1	0.0059069	0.05	0.039407	0.01101
0.033346	0.00018664	1	0.0059399	0.05	0.03944	0.01101
0.033346	0.00018663	1	0.0059729	0.05	0.039473	0.01101
0.033346	0.00018663	1	0.0060059	0.05	0.039506	0.01101
0.033346	0.00018663	1	0.0060389	0.05	0.039539	0.01101
0.033346	0.00018663	1	0.0060719	0.05	0.039572	0.01101
0.033346	0.00018662	1	0.0061049	0.05	0.039605	0.01101
0.033346	0.00018663	1	0.0061379	0.05	0.039638	0.01101
0.033346	0.00018662	1	0.0061709	0.05	0.039671	0.01101
0.033346	0.00018661	1	0.0062039	0.05	0.039704	0.01101
0.033346	0.00018661	1	0.0062369	0.05	0.039737	0.01101
0.033346	0.0001866	1	0.0062699	0.05	0.03977	0.01101
0.033346	0.00018659	1	0.0063029	0.05	0.039803	0.01101
0.033346	0.00018658	1	0.0063359	0.05	0.039836	0.01101
0.033346	0.00018657	1	0.0063689	0.05	0.039869	0.01101
0.033346	0.00018656	1	0.0064019	0.05	0.039902	0.01101
0.033346	0.00018655	1	0.0064349	0.05	0.039935	0.01101
0.033346	0.00018655	1	0.0064679	0.05	0.039968	0.01101
0.033346	0.00018654	1	0.0065009	0.05	0.040001	0.01101
0.033346	0.00018653	1	0.0065339	0.05	0.040034	0.01101
0.033346	0.00018652	1	0.0065669	0.05	0.040067	0.01101
0.033346	0.00018651	1	0.0065999	0.05	0.0401	0.01101
0.033346	0.0001865	1	0.0066329	0.05	0.040133	0.01101
0.033346	0.0001865	1	0.0066659	0.05	0.040166	0.01101
0.033346	0.00018649	1	0.0066989	0.05	0.040199	0.01101
0.033346	0.00018648	1	0.0067319	0.05	0.040232	0.01101
0.033346	0.00018647	1	0.0067649	0.05	0.040265	0.01101
0.033346	0.00018646	1	0.0067979	0.05	0.040298	0.01101
0.033346	0.00018664	1	0.0068309	0.05	0.040331	0.01101
0.033346	0.00018671	1	0.0068639	0.05	0.040364	0.01101
0.033346	0.0001867	1	0.0068969	0.05	0.040397	0.01101
0.033346	0.00018669	1	0.0069299	0.05	0.04043	0.01101
0.033346	0.00018667	1	0.0069629	0.05	0.040463	0.01101
0.033346	0.00018666	1	0.0069959	0.05	0.040496	0.01101
0.033346	0.00018665	1	0.0070289	0.05	0.040529	0.01101
0.033346	0.00018664	1	0.0070619	0.05	0.040562	0.01101
0.033346	0.00018662	1	0.0070949	0.05	0.040595	0.01101
0.033346	0.00018661	1	0.0071279	0.05	0.040628	0.01101
0.033346	0.0001866	1	0.0071609	0.05	0.040661	0.01101
0.033346	0.00018659	1	0.0071939	0.05	0.040694	0.01101
0.033346	0.00018658	1	0.0072269	0.05	0.040727	0.01101
0.033346	0.00018656	1	0.0072599	0.05	0.04076	0.01101
0.033346	0.00018662	1	0.0072929	0.05	0.040793	0.01101
0.033346	0.00018685	1	0.0073259	0.05	0.040826	0.01101
0.033346	0.00018684	1	0.0073589	0.05	0.040859	0.01101
0.033346	0.00018682	1	0.0073919	0.05	0.040892	0.01101
0.033346	0.00018681	1	0.0074249	0.05	0.040925	0.01101
0.033346	0.0001868	1	0.0074579	0.05	0.040958	0.01101
0.033346	0.00018678	1	0.0074909	0.05	0.040991	0.01101
0.033346	0.00018677	1	0.0075239	0.05	0.041024	0.01101
0.033346	0.00018676	1	0.0075569	0.05	0.041057	0.01101
0.033346	0.00018675	1	0.0075899	0.05	0.04109	0.01101
0.033346	0.00018673	1	0.0076229	0.05	0.041123	0.01101
0.033346	0.00018672	1	0.0076559	0.05	0.041156	0.01101
0.033346	0.00018671	1	0.0076889	0.05	0.041189	0.01101
0.033346	0.00018669	1	0.0077219	0.05	0.041222	0.01101
0.033346	0.00018668	1	0.0077549	0.05	0.041255	0.01101
0.033346	0.00018667	1	0.0077879	0.05	0.041288	0.01101
0.033346	0.00018665	1	0.0078209	0.05	0.041321	0.01101
0.033346	0.00018664	1	0.0078539	0.05	0.041354	0.01101
0.033346	0.00018663	1	0.0078869	0.05	0.041387	0.01101
0.033346	0.00018662	1	0.0079199	0.05	0.04142	0.01101
0.033346	0.00018661	1	0.0079529	0.05	0.041453	0.01101
0.033346	0.0001866	1	0.0079859	0.05	0.041486	0.01101
0.033346	0.00018658	1	0.0080189	0.05	0.041519	0.01101
0.033346	0.00018657	1	0.0080519	0.05	0.041552	0.01101
0.033346	0.00018656	1	0.0080849	0.05	0.041585	0.01101
0.033346	0.00018655	1	0.0081179	0.05	0.041618	0.01101
0.033346	0.00018654	1	0.0081509	0.05	0.041651	0.01101
0.033346	0.00018653	1	0.0081839	0.05	0.041684	0.01101
0.033346	0.00018652	1	0.0082169	0.05	0.041717	0.01101
0.033346	0.0001865	1	0.0082499	0.05	0.04175	0.01101
0.033346	0.00018649	1	0.0082829	0.05	0.041783	0.01101
0.033346	0.00018648	1	0.0083159	0.05	0.041816	0.01101
0.033346	0.00018668	1	0.0083489	0.05	0.041849	0.01101
0.033346	0.00018667	1	0.0083819	0.05	0.041882	0.01101
0.033346	0.00018665	1	0.0084148	0.05	0.041915	0.01101
0.033346	0.00018664	1	0.0084479	0.05	0.041948	0.01101
0.033346	0.00018663	1	0.0084809	0.05	0.041981	0.01101
0.033346	0.00018662	1	0.0085138	0.05	0.042014	0.01101
0.033346	0.0001866	1	0.0085468	0.05	0.042047	0.01101
0.033346	0.00018659	1	0.0085798	0.05	0.04208	0.01101
0.033346	0.00018658	1	0.0086128	0.05	0.042113	0.01101
0.033346	0.00018657	1	0.0086458	0.05	0.042146	0.01101
0.033346	0.00018655	1	0.0086788	0.05	0.042179	0.01101
0.033346	0.00018654	1	0.0087118	0.05	0.042212	0.01101
0.033346	0.00018653	1	0.0087448	0.05	0.042245	0.01101
0.033346	0.00018659	1	0.0087778	0.05	0.042278	0.01101
0.033346	0.00018658	1	0.0088108	0.05	0.042311	0.01101
0.033346	0.00018657	1	0.0088438	0.05	0.042344	0.01101
0.033346	0.00018655	1	0.0088768	0.05	0.042377	0.01101
0.033346	0.00018654	1	0.0089098	0.05	0.04241	0.01101
0.033346	0.00018653	1	0.0089428	0.05	0.042443	0.01101
0.033346	0.00018651	1	0.0089758	0.05	0.042476	0.01101
0.033346	0.0001865	1	0.0090088	0.05	0.042509	0.01101
0.033346	0.00018649	1	0.0090418	0.05	0.042542	0.01101
0.033346	0.00018648	1	0.0090748	0.05	0.042575	0.01101
0.033346	0.00018646	1	0.0091078	0.05	0.042608	0.01101
0.033346	0.00018645	1	0.0091408	0.05	0.042641	0.01101
0.033346	0.00018644	1	0.0091738	0.05	0.042674	0.01101
0.033346	0.00018643	1	0.0092068	0.05	0.042707	0.01101
0.033346	0.00018641	1	0.0092398	0.05	0.04274	0.01101
0.033346	0.0001864	1	0.0092728	0.05	0.042773	0.01101
0.033346	0.00018639	1	0.0093058	0.05	0.042806	0.01101
0.033346	0.00018637	1	0.0093388	0.05	0.042839	0.01101
0.033346	0.00018651	1	0.0093718	0.05	0.042872	0.01101
0.033346	0.0001865	1	0.0094048	0.05	0.042905	0.01101
0.033346	0.00018649	1	0.0094378	0.05	0.042938	0.01101
0.033346	0.00018647	1	0.0094708	0.05	0.042971	0.01101
0.033346	0.00018646	1	0.0095038	0.05	0.043004	0.01101
0.033346	0.00018645	1	0.0095368	0.05	0.043037	0.01101
0.033346	0.00018644	1	0.0095698	0.05	0.04307	0.01101
0.033346	0.00018643	1	0.0096028	0.05	0.043103	0.01101
0.033346	0.00018642	1	0.0096358	0.05	0.043136	0.01101
0.033346	0.0001864	1	0.0096688	0.05	0.043169	0.01101
0.033346	0.00018639	1	0.0097018	0.05	0.043202	0.01101
0.033346	0.00018638	1	0.0097348	0.05	0.043235	0.01101
0.033346	0.00018637	1	0.0097678	0.05	0.043268	0.01101
0.033346	0.00018636	1	0.0098008	0.05	0.043301	0.01101
0.033346	0.00018634	1	0.0098338	0.05	0.043334	0.01101
0.033346	0.00018633	1	0.0098668	0.05	0.043367	0.01101
0.033346	0.00018632	1	0.0098998	0.05	0.0434	0.01101
0.033346	0.00018631	1	0.0099328	0.05	0.043433	0.01101
0.033346	0.0001863	1	0.0099658	0.05	0.043466	0.01101
0.033346	0.00018629	1	0.0099988	0.05	0.043499	0.01101
0.033346	0.00018628	1	0.010032	0.05	0.043532	0.01101
0.033346	0.00018626	1	0.010065	0.05	0.043565	0.01101
0.033346	0.00018625	1	0.010098	0.05	0.043598	0.01101
0.033346	0.00018624	1	0.010131	0.05	0.043631	0.01101
0.033346	0.00018623	1	0.010164	0.05	0.043664	0.01101
0.033346	0.00018626	1	0.010197	0.05	0.043697	0.01101
0.033346	0.00018625	1	0.01023	0.05	0.04373	0.01101
0.033346	0.00018624	1	0.010263	0.05	0.043763	0.01101
0.033346	0.00018623	1	0.010296	0.05	0.043796	0.01101
0.033346	0.00018622	1	0.010329	0.05	0.043829	0.01101
0.033346	0.00018626	1	0.010362	0.05	0.043862	0.01101
0.033346	0.00018629	1	0.010395	0.05	0.043895	0.01101
0.033346	0.00018628	1	0.010428	0.05	0.043928	0.01101
0.033346	0.00018626	1	0.010461	0.05	0.043961	0.01101
0.033346	0.00018625	1	0.010494	0.05	0.043994	0.01101
0.033346	0.00018624	1	0.010527	0.05	0.044027	0.01101
0.033346	0.00018623	1	0.01056	0.05	0.04406	0.01101
0.033346	0.00018622	1	0.010593	0.05	0.044093	0.01101
0.033346	0.00018621	1	0.010626	0.05	0.044126	0.01101
0.033346	0.0001862	1	0.010659	0.05	0.044159	0.01101
0.033346	0.00018619	1	0.010692	0.05	0.044192	0.01101
0.033346	0.00018618	1	0.010725	0.05	0.044225	0.01101
0.033346	0.00018617	1	0.010758	0.05	0.044258	0.01101
0.033346	0.00018617	1	0.010791	0.05	0.044291	0.01101
0.033346	0.00018617	1	0.010824	0.05	0.044324	0.01101
0.033346	0.00018616	1	0.010857	0.05	0.044357	0.01101
0.033346	0.00018615	1	0.01089	0.05	0.04439	0.01101
0.033346	0.00018614	1	0.010923	0.05	0.044423	0.01101
0.033346	0.00018613	1	0.010956	0.05	0.044456	0.01101
0.033346	0.00018612	1	0.010989	0.05	0.044489	0.01101
0.033346	0.00018611	1	0.011022	0.05	0.044522	0.01101
0.033346	0.0001861	1	0.011055	0.05	0.044555	0.01101
0.033346	0.00018609	1	0.011088	0.05	0.044588	0.01101
0.033346	0.00018608	1	0.011121	0.05	0.044621	0.01101
0.033346	0.00018607	1	0.011154	0.05	0.044654	0.01101
0.033346	0.00018606	1	0.011187	0.05	0.044687	0.01101
0.033346	0.00018605	1	0.01122	0.05	0.04472	0.01101
0.033346	0.00018604	1	0.011253	0.05	0.044753	0.01101
0.033346	0.00018603	1	0.011286	0.05	0.044786	0.01101
0.033346	0.00018602	1	0.011319	0.05	0.044819	0.01101
0.033346	0.00018601	1	0.011352	0.05	0.044852	0.01101
0.033346	0.000186	1	0.011385	0.05	0.044885	0.01101
0.033346	0.00018599	1	0.011418	0.05	0.044918	0.01101
0.033346	0.00018606	1	0.011451	0.05	0.044951	0.01101
0.033346	0.00018605	1	0.011484	0.05	0.044984	0.01101
0.033346	0.00018604	1	0.011517	0.05	0.045017	0.01101
0.033346	0.00018603	1	0.01155	0.05	0.04505	0.01101
0.033346	0.00018602	1	0.011583	0.05	0.045083	0.01101
0.033346	0.00018601	1	0.011616	0.05	0.045116	0.01101
0.033346	0.000186	1	0.011649	0.05	0.045149	0.01101
0.033346	0.00018599	1	0.011682	0.05	0.045182	0.01101
0.033346	0.00018599	1	0.011715	0.05	0.045215	0.01101
0.033346	0.000186	1	0.011748	0.05	0.045248	0.01101
0.033346	0.00018599	1	0.011781	0.05	0.045281	0.01101
0.033346	0.00018598	1	0.011814	0.05	0.045314	0.01101
0.033346	0.00018597	1	0.011847	0.05	0.045347	0.01101
0.033346	0.00018596	1	0.01188	0.05	0.04538	0.01101
0.033346	0.00018596	1	0.011913	0.05	0.045413	0.01101
0.033346	0.00018595	1	0.011946	0.05	0.045446	0.01101
0.033346	0.00018594	1	0.011979	0.05	0.045479	0.01101
0.033346	0.00018593	1	0.012012	0.05	0.045512	0.01101
0.033346	0.00018592	1	0.012045	0.05	0.045545	0.01101
0.033346	0.00018591	1	0.012078	0.05	0.045578	0.01101
0.033346	0.00018591	1	0.012111	0.05	0.045611	0.01101
0.033346	0.0001859	1	0.012144	0.05	0.045644	0.01101
0.033346	0.00018589	1	0.012177	0.05	0.045677	0.01101
0.033346	0.00018588	1	0.01221	0.05	0.04571	0.01101
0.033346	0.00018587	1	0.012243	0.05	0.045743	0.01101
0.033346	0.00018587	1	0.012276	0.05	0.045776	0.01101
0.033346	0.00018586	1	0.012309	0.05	0.045809	0.01101
0.033346	0.00018585	1	0.012342	0.05	0.045842	0.01101
0.033346	0.00018584	1	0.012375	0.05	0.045875	0.01101
0.033346	0.00018583	1	0.012408	0.05	0.045908	0.01101
0.033346	0.00018583	1	0.012441	0.05	0.045941	0.01101
0.033346	0.00018582	1	0.012474	0.05	0.045974	0.01101
0.033346	0.00018581	1	0.012507	0.05	0.046007	0.01101
0.033346	0.00018584	1	0.01254	0.05	0.04604	0.01101
0.033346	0.00018583	1	0.012573	0.05	0.046073	0.01101
0.033346	0.00018582	1	0.012606	0.05	0.046106	0.01101
0.033346	0.00018582	1	0.012639	0.05	0.046139	0.01101
0.033346	0.00018581	1	0.012672	0.05	0.046172	0.01101
0.033346	0.0001858	1	0.012705	0.05	0.046205	0.01101
0.033346	0.00018579	1	0.012738	0.05	0.046238	0.01101
0.033346	0.00018579	1	0.012771	0.05	0.046271	0.01101
0.033346	0.00018578	1	0.012804	0.05	0.046304	0.01101
0.033346	0.00018577	1	0.012837	0.05	0.046337	0.01101
0.033346	0.00018577	1	0.01287	0.05	0.04637	0.01101
0.033346	0.00018576	1	0.012903	0.05	0.046403	0.01101
0.033346	0.00018575	1	0.012936	0.05	0.046436	0.01101
0.033346	0.00018575	1	0.012969	0.05	0.046469	0.01101
0.033346	0.00018574	1	0.013002	0.05	0.046502	0.01101
0.033346	0.00018574	1	0.013035	0.05	0.046535	0.01101
0.033346	0.00018573	1	0.013068	0.05	0.046568	0.01101
0.033346	0.00018572	1	0.013101	0.05	0.046601	0.01101
0.033346	0.00018572	1	0.013134	0.05	0.046634	0.01101
0.033346	0.00018571	1	0.013167	0.05	0.046667	0.01101
0.033346	0.0001857	1	0.0132	0.05	0.0467	0.01101
0.033346	0.0001857	1	0.013233	0.05	0.046733	0.01101
0.033346	0.00018569	1	0.013266	0.05	0.046766	0.01101
0.033346	0.00018569	1	0.013299	0.05	0.046799	0.01101
0.033346	0.0001857	1	0.013332	0.05	0.046832	0.01101
0.033346	0.0001857	1	0.013365	0.05	0.046865	0.01101
0.033346	0.00018569	1	0.013398	0.05	0.046898	0.01101
0.033346	0.00018569	1	0.013431	0.05	0.046931	0.01101
0.033346	0.00018568	1	0.013464	0.05	0.046964	0.01101
0.033346	0.00018568	1	0.013497	0.05	0.046997	0.01101
0.033346	0.00018567	1	0.01353	0.05	0.04703	0.01101
0.033346	0.00018567	1	0.013563	0.05	0.047063	0.01101
0.033346	0.00018566	1	0.013596	0.05	0.047096	0.01101
0.033346	0.00018566	1	0.013629	0.05	0.047129	0.01101
0.033346	0.00018565	1	0.013662	0.05	0.047162	0.01101
0.033346	0.00018565	1	0.013695	0.05	0.047195	0.01101
0.033346	0.00018564	1	0.013728	0.05	0.047228	0.01101
0.033346	0.00018563	1	0.013761	0.05	0.047261	0.01101
0.033346	0.00018563	1	0.013794	0.05	0.047294	0.01101
0.033346	0.00018563	1	0.013827	0.05	0.047327	0.01101
0.033346	0.00018562	1	0.01386	0.05	0.04736	0.01101
0.033346	0.00018562	1	0.013893	0.05	0.047393	0.01101
0.033346	0.00018561	1	0.013926	0.05	0.047426	0.01101
0.033346	0.00018561	1	0.013959	0.05	0.047459	0.01101
0.033346	0.0001856	1	0.013992	0.05	0.047492	0.01101
0.033346	0.0001856	1	0.014025	0.05	0.047525	0.01101
0.033346	0.00018559	1	0.014058	0.05	0.047558	0.01101
0.033346	0.00018559	1	0.014091	0.05	0.047591	0.01101
0.033346	0.00018558	1	0.014124	0.05	0.047624	0.01101
0.033346	0.00018558	1	0.014157	0.05	0.047657	0.01101
0.033346	0.00018557	1	0.01419	0.05	0.04769	0.01101
0.033346	0.00018557	1	0.014223	0.05	0.047723	0.01101
0.033346	0.00018557	1	0.014256	0.05	0.047756	0.01101
0.033346	0.00018556	1	0.014289	0.05	0.047789	0.01101
0.033346	0.00018556	1	0.014322	0.05	0.047822	0.01101
0.033346	0.00018555	1	0.014355	0.05	0.047855	0.01101
0.033346	0.00018555	1	0.014388	0.05	0.047888	0.01101
0.033346	0.00018555	1	0.014421	0.05	0.047921	0.01101
0.033346	0.00018554	1	0.014454	0.05	0.047954	0.01101
0.033346	0.00018554	1	0.014487	0.05	0.047987	0.01101
0.033346	0.00018554	1	0.01452	0.05	0.04802	0.01101
0.033346	0.00018553	1	0.014553	0.05	0.048053	0.01101
0.033346	0.00018553	1	0.014586	0.05	0.048086	0.01101
0.033346	0.00018553	1	0.014619	0.05	0.048119	0.01101
0.033346	0.00018553	1	0.014652	0.05	0.048152	0.01101
0.033346	0.00018554	1	0.014685	0.05	0.048185	0.01101
0.033346	0.00018553	1	0.014718	0.05	0.048218	0.01101
0.033346	0.00018554	1	0.014751	0.05	0.048251	0.01101
0.033346	0.00018553	1	0.014784	0.05	0.048284	0.01101
0.033346	0.00018553	1	0.014817	0.05	0.048317	0.01101
0.033346	0.00018553	1	0.01485	0.05	0.04835	0.01101
0.033346	0.00018552	1	0.014883	0.05	0.048383	0.01101
0.033346	0.00018552	1	0.014916	0.05	0.048416	0.01101
0.033346	0.00018552	1	0.014949	0.05	0.048449	0.01101
0.033346	0.00018552	1	0.014982	0.05	0.048482	0.01101
0.033346	0.00018551	1	0.015015	0.05	0.048515	0.01101
0.033346	0.00018551	1	0.015048	0.05	0.048548	0.01101
0.033346	0.00018551	1	0.015081	0.05	0.048581	0.01101
0.033346	0.00018551	1	0.015114	0.05	0.048614	0.01101
0.033346	0.0001855	1	0.015147	0.05	0.048647	0.01101
0.033346	0.0001855	1	0.01518	0.05	0.04868	0.01101
0.033346	0.0001855	1	0.015213	0.05	0.048713	0.01101
0.033346	0.0001855	1	0.015246	0.05	0.048746	0.01101
0.033346	0.00018549	1	0.015279	0.05	0.048779	0.01101
0.033346	0.00018549	1	0.015312	0.05	0.048812	0.01101
0.033346	0.00018549	1	0.015345	0.05	0.048845	0.01101
0.033346	0.00018549	1	0.015378	0.05	0.048878	0.01101
0.033346	0.00018548	1	0.015411	0.05	0.048911	0.01101
0.033346	0.00018548	1	0.015444	0.05	0.048944	0.01101
0.033346	0.00018548	1	0.015477	0.05	0.048977	0.01101
0.033346	0.00018548	1	0.01551	0.05	0.04901	0.01101
0.033346	0.00018548	1	0.015543	0.05	0.049043	0.01101
0.033346	0.00018547	1	0.015576	0.05	0.049076	0.01101
0.033346	0.00018547	1	0.015609	0.05	0.049109	0.01101
0.033346	0.00018547	1	0.015642	0.05	0.049142	0.01101
0.033346	0.00018547	1	0.015675	0.05	0.049175	0.01101
0.033346	0.00018547	1	0.015708	0.05	0.049208	0.01101
0.033346	0.00018547	1	0.015741	0.05	0.049241	0.01101
0.033346	0.00018546	1	0.015774	0.05	0.049274	0.01101
0.033346	0.00018546	1	0.015807	0.05	0.049307	0.01101
0.033346	0.00018546	1	0.01584	0.05	0.04934	0.01101
0.033346	0.00018546	1	0.015873	0.05	0.049373	0.01101
0.033346	0.00018546	1	0.015906	0.05	0.049406	0.01101
0.033346	0.00018546	1	0.015939	0.05	0.049439	0.01101
0.033346	0.00018546	1	0.015972	0.05	0.049472	0.01101
0.033346	0.00018546	1	0.016005	0.05	0.049505	0.01101
0.033346	0.00018545	1	0.016038	0.05	0.049538	0.01101
0.033346	0.00018546	1	0.016071	0.05	0.049571	0.01101
0.033346	0.00018546	1	0.016104	0.05	0.049604	0.01101
0.033346	0.00018546	1	0.016137	0.05	0.049637	0.01101
0.033346	0.00018546	1	0.01617	0.05	0.04967	0.01101
0.033346	0.00018545	1	0.016203	0.05	0.049703	0.01101
0.033346	0.00018545	1	0.016236	0.05	0.049736	0.01101
0.033346	0.00018545	1	0.016269	0.05	0.049769	0.01101
0.033346	0.00018545	1	0.016302	0.05	0.049802	0.01101
0.033346	0.00018545	1	0.016335	0.05	0.049835	0.01101
0.033346	0.00018545	1	0.016368	0.05	0.049868	0.01101
0.033346	0.00018545	1	0.016401	0.05	0.049901	0.01101
0.033346	0.00018545	1	0.016434	0.05	0.049934	0.01101
0.033346	0.00018545	1	0.016467	0.05	0.049967	0.01101
0.033346	0.00018545	1	0.0165	0.05	0.05	0.01101
0.033346	0.00018545	1	0.016533	0.05	0.050033	0.01101
0.033346	0.00018545	1	0.016566	0.05	0.050066	0.01101
0.033346	0.00018545	1	0.016599	0.05	0.050099	0.01101
0.033346	0.00018545	1	0.016632	0.05	0.050132	0.01101
0.033346	0.00018545	1	0.016665	0.05	0.050165	0.01101
0.033346	0.00018545	1	0.016698	0.05	0.050198	0.01101
0.033346	0.00018545	1	0.016731	0.05	0.050231	0.01101
0.033346	0.00018545	1	0.016764	0.05	0.050264	0.01101
0.033346	0.00018545	1	0.016797	0.05	0.050297	0.01101
0.033346	0.00018546	1	0.01683	0.05	0.05033	0.01101
0.033346	0.00018546	1	0.016863	0.05	0.050363	0.01101
0.033346	0.00018546	1	0.016896	0.05	0.050396	0.01101
0.033346	0.00018546	1	0.016929	0.05	0.050429	0.01101
0.033346	0.00018546	1	0.016962	0.05	0.050462	0.01101
0.033346	0.00018545	1	0.016995	0.05	0.050495	0.01101
0.033346	0.00018546	1	0.017028	0.05	0.050528	0.01101
0.033346	0.00018546	1	0.017061	0.05	0.050561	0.01101
0.033346	0.00018546	1	0.017094	0.05	0.050594	0.01101
0.033346	0.00018546	1	0.017127	0.05	0.050627	0.01101
0.033346	0.00018546	1	0.01716	0.05	0.05066	0.01101
0.033346	0.00018546	1	0.017193	0.05	0.050693	0.01101
0.033346	0.00018546	1	0.017226	0.05	0.050726	0.01101
0.033346	0.00018546	1	0.017259	0.05	0.050759	0.01101
0.033346	0.00018546	1	0.017292	0.05	0.050792	0.01101
0.033346	0.00018547	1	0.017325	0.05	0.050825	0.01101
0.033346	0.00018547	1	0.017358	0.05	0.050858	0.01101
0.033346	0.00018547	1	0.017391	0.05	0.050891	0.01101
0.033346	0.00018547	1	0.017424	0.05	0.050924	0.01101
0.033346	0.00018547	1	0.017457	0.05	0.050957	0.01101
0.033346	0.00018548	1	0.01749	0.05	0.05099	0.01101
0.033346	0.00018548	1	0.017523	0.05	0.051023	0.01101
0.033346	0.00018548	1	0.017556	0.05	0.051056	0.01101
0.033346	0.00018548	1	0.017589	0.05	0.051089	0.01101
0.033346	0.00018548	1	0.017622	0.05	0.051122	0.01101
0.033346	0.00018549	1	0.017655	0.05	0.051155	0.01101
0.033346	0.00018549	1	0.017688	0.05	0.051188	0.01101
0.033346	0.00018549	1	0.017721	0.05	0.051221	0.01101
0.033346	0.00018549	1	0.017754	0.05	0.051254	0.01101
0.033346	0.00018549	1	0.017787	0.05	0.051287	0.01101
0.033346	0.0001855	1	0.01782	0.05	0.05132	0.01101
0.033346	0.0001855	1	0.017853	0.05	0.051353	0.01101
0.033346	0.0001855	1	0.017886	0.05	0.051386	0.01101
0.033346	0.0001855	1	0.017919	0.05	0.051419	0.01101
0.033346	0.00018551	1	0.017952	0.05	0.051452	0.01101
0.033346	0.00018551	1	0.017985	0.05	0.051485	0.01101
0.033346	0.00018551	1	0.018018	0.05	0.051518	0.01101
0.033346	0.0001855	1	0.018051	0.05	0.051551	0.01101
0.033346	0.0001855	1	0.018084	0.05	0.051584	0.01101
0.033346	0.00018551	1	0.018117	0.05	0.051617	0.01101
0.033346	0.00018551	1	0.01815	0.05	0.05165	0.01101
0.033346	0.00018551	1	0.018183	0.05	0.051683	0.01101
0.033346	0.00018552	1	0.018216	0.05	0.051716	0.01101
0.033346	0.00018552	1	0.018249	0.05	0.051749	0.01101
0.033346	0.00018552	1	0.018282	0.05	0.051782	0.01101
0.033346	0.00018553	1	0.018315	0.05	0.051815	0.01101
0.033346	0.00018553	1	0.018348	0.05	0.051848	0.01101
0.033346	0.00018553	1	0.018381	0.05	0.051881	0.01101
0.033346	0.00018554	1	0.018414	0.05	0.051914	0.01101
0.033346	0.00018554	1	0.018447	0.05	0.051947	0.01101
0.033346	0.00018554	1	0.01848	0.05	0.05198	0.01101
0.033346	0.00018555	1	0.018513	0.05	0.052013	0.01101
0.033346	0.00018555	1	0.018546	0.05	0.052046	0.01101
0.033346	0.00018556	1	0.018579	0.05	0.052079	0.01101
0.033346	0.00018556	1	0.018612	0.05	0.052112	0.01101
0.033346	0.00018556	1	0.018645	0.05	0.052145	0.01101
0.033346	0.00018557	1	0.018678	0.05	0.052178	0.01101
0.033346	0.00018557	1	0.018711	0.05	0.052211	0.01101
0.033346	0.00018558	1	0.018744	0.05	0.052244	0.01101
0.033346	0.00018558	1	0.018777	0.05	0.052277	0.01101
0.033346	0.00018558	1	0.01881	0.05	0.05231	0.01101
0.033346	0.00018559	1	0.018843	0.05	0.052343	0.01101
0.033346	0.00018559	1	0.018876	0.05	0.052376	0.01101
0.033346	0.0001856	1	0.018909	0.05	0.052409	0.01101
0.033346	0.0001856	1	0.018942	0.05	0.052442	0.01101
0.033346	0.0001856	1	0.018975	0.05	0.052475	0.01101
0.033346	0.0001856	1	0.019008	0.05	0.052508	0.01101
0.033346	0.00018561	1	0.019041	0.05	0.052541	0.01101
0.033346	0.00018561	1	0.019074	0.05	0.052574	0.01101
0.033346	0.00018562	1	0.019107	0.05	0.052607	0.01101
0.033346	0.00018562	1	0.01914	0.05	0.05264	0.01101
0.033346	0.00018563	1	0.019173	0.05	0.052673	0.01101
0.033346	0.00018563	1	0.019206	0.05	0.052706	0.01101
0.033346	0.00018564	1	0.019239	0.05	0.052739	0.01101
0.033346	0.00018564	1	0.019272	0.05	0.052772	0.01101
0.033346	0.00018565	1	0.019305	0.05	0.052805	0.01101
0.033346	0.00018565	1	0.019338	0.05	0.052838	0.01101
0.033346	0.00018566	1	0.019371	0.05	0.052871	0.01101
0.033346	0.00018566	1	0.019404	0.05	0.052904	0.01101
0.033346	0.00018567	1	0.019437	0.05	0.052937	0.01101
0.033346	0.00018567	1	0.01947	0.05	0.05297	0.01101
0.033346	0.00018568	1	0.019503	0.05	0.053003	0.01101
0.033346	0.00018568	1	0.019536	0.05	0.053036	0.01101
0.033346	0.00018569	1	0.019569	0.05	0.053069	0.01101
0.033346	0.0001857	1	0.019602	0.05	0.053102	0.01101
0.033346	0.0001857	1	0.019635	0.05	0.053135	0.01101
0.033346	0.00018571	1	0.019668	0.05	0.053168	0.01101
0.033346	0.00018571	1	0.019701	0.05	0.053201	0.01101
0.033346	0.0001857	1	0.019734	0.05	0.053234	0.01101
0.033346	0.0001857	1	0.019767	0.05	0.053267	0.01101
0.033346	0.0001857	1	0.0198	0.05	0.0533	0.01101
0.033346	0.00018571	1	0.019833	0.05	0.053333	0.01101
0.033346	0.00018572	1	0.019866	0.05	0.053366	0.01101
0.033346	0.00018572	1	0.019899	0.05	0.053399	0.01101
0.033346	0.00018573	1	0.019932	0.05	0.053432	0.01101
0.033346	0.00018574	1	0.019965	0.05	0.053465	0.01101
0.033346	0.00018574	1	0.019998	0.05	0.053498	0.01101
0.033346	0.00018575	1	0.020031	0.05	0.053531	0.01101
0.033346	0.00018576	1	0.020064	0.05	0.053564	0.01101
0.033346	0.00018576	1	0.020097	0.05	0.053597	0.01101
0.033346	0.00018577	1	0.02013	0.05	0.05363	0.01101
0.033346	0.00018578	1	0.020163	0.05	0.053663	0.01101
0.033346	0.00018578	1	0.020196	0.05	0.053696	0.01101
0.033346	0.00018579	1	0.020229	0.05	0.053729	0.01101
0.033346	0.0001858	1	0.020262	0.05	0.053762	0.01101
0.033346	0.0001858	1	0.020295	0.05	0.053795	0.01101
0.033346	0.00018581	1	0.020328	0.05	0.053828	0.01101
0.033346	0.00018582	1	0.020361	0.05	0.053861	0.01101
0.033346	0.00018583	1	0.020394	0.05	0.053894	0.01101
0.033346	0.00018583	1	0.020427	0.05	0.053927	0.01101
0.033346	0.00018584	1	0.02046	0.05	0.05396	0.01101
0.033346	0.00018584	1	0.020493	0.05	0.053993	0.01101
0.033346	0.00018583	1	0.020526	0.05	0.054026	0.01101
0.033346	0.00018584	1	0.020559	0.05	0.054059	0.01101
0.033346	0.00018585	1	0.020592	0.05	0.054092	0.01101
0.033346	0.00018585	1	0.020625	0.05	0.054125	0.01101
0.033346	0.00018586	1	0.020658	0.05	0.054158	0.01101
0.033346	0.00018587	1	0.020691	0.05	0.054191	0.01101
0.033346	0.00018588	1	0.020724	0.05	0.054224	0.01101
0.033346	0.00018588	1	0.020757	0.05	0.054257	0.01101
0.033346	0.00018589	1	0.02079	0.05	0.05429	0.01101
0.033346	0.0001859	1	0.020823	0.05	0.054323	0.01101
0.033346	0.00018591	1	0.020856	0.05	0.054356	0.01101
0.033346	0.00018589	1	0.020889	0.05	0.054389	0.01101
0.033346	0.0001859	1	0.020922	0.05	0.054422	0.01101
0.033346	0.0001859	1	0.020955	0.05	0.054455	0.01101
0.033346	0.00018591	1	0.020988	0.05	0.054488	0.01101
0.033346	0.00018592	1	0.021021	0.05	0.054521	0.01101
0.033346	0.00018593	1	0.021054	0.05	0.054554	0.01101
0.033346	0.00018594	1	0.021087	0.05	0.054587	0.01101
0.033346	0.00018594	1	0.02112	0.05	0.05462	0.01101
0.033346	0.00018595	1	0.021153	0.05	0.054653	0.01101
0.033346	0.00018596	1	0.021186	0.05	0.054686	0.01101
0.033346	0.00018597	1	0.021219	0.05	0.054719	0.01101
0.033346	0.00018598	1	0.021252	0.05	0.054752	0.01101
0.033346	0.00018599	1	0.021285	0.05	0.054785	0.01101
0.033346	0.00018599	1	0.021318	0.05	0.054818	0.01101
0.033346	0.000186	1	0.021351	0.05	0.054851	0.01101
0.033346	0.00018601	1	0.021384	0.05	0.054884	0.01101
0.033346	0.00018602	1	0.021417	0.05	0.054917	0.01101
0.033346	0.00018599	1	0.02145	0.05	0.05495	0.01101
0.033346	0.000186	1	0.021483	0.05	0.054983	0.01101
0.033346	0.00018601	1	0.021516	0.05	0.055016	0.01101
0.033346	0.00018602	1	0.021549	0.05	0.055049	0.01101
0.033346	0.00018603	1	0.021582	0.05	0.055082	0.01101
0.033346	0.00018604	1	0.021615	0.05	0.055115	0.01101
0.033346	0.00018605	1	0.021648	0.05	0.055148	0.01101
0.033346	0.00018606	1	0.021681	0.05	0.055181	0.01101
0.033346	0.00018607	1	0.021714	0.05	0.055214	0.01101
0.033346	0.00018608	1	0.021747	0.05	0.055247	0.01101
0.033346	0.00018609	1	0.02178	0.05	0.05528	0.01101
0.033346	0.0001861	1	0.021813	0.05	0.055313	0.01101
0.033346	0.00018611	1	0.021846	0.05	0.055346	0.01101
0.033346	0.00018612	1	0.021879	0.05	0.055379	0.01101
0.033346	0.00018613	1	0.021912	0.05	0.055412	0.01101
0.033346	0.00018614	1	0.021945	0.05	0.055445	0.01101
0.033346	0.00018615	1	0.021978	0.05	0.055478	0.01101
0.033346	0.00018616	1	0.022011	0.05	0.055511	0.01101
0.033346	0.0001861	1	0.022044	0.05	0.055544	0.01101
0.033346	0.00018611	1	0.022077	0.05	0.055577	0.01101
0.033346	0.00018612	1	0.02211	0.05	0.05561	0.01101
0.033346	0.00018613	1	0.022143	0.05	0.055643	0.01101
0.033346	0.00018614	1	0.022176	0.05	0.055676	0.01101
0.033346	0.00018615	1	0.022209	0.05	0.055709	0.01101
0.033346	0.00018616	1	0.022242	0.05	0.055742	0.01101
0.033346	0.00018617	1	0.022275	0.05	0.055775	0.01101
0.033346	0.00018618	1	0.022308	0.05	0.055808	0.01101
0.033346	0.00018616	1	0.022341	0.05	0.055841	0.01101
0.033346	0.00018616	1	0.022374	0.05	0.055874	0.01101
0.033346	0.00018617	1	0.022407	0.05	0.055907	0.01101
0.033346	0.00018618	1	0.02244	0.05	0.05594	0.01101
0.033346	0.00018619	1	0.022473	0.05	0.055973	0.01101
0.033346	0.0001862	1	0.022506	0.05	0.056006	0.01101
0.033346	0.00018621	1	0.022539	0.05	0.056039	0.01101
0.033346	0.00018623	1	0.022572	0.05	0.056072	0.01101
0.033346	0.00018624	1	0.022605	0.05	0.056105	0.01101
0.033346	0.00018625	1	0.022638	0.05	0.056138	0.01101
0.033346	0.00018626	1	0.022671	0.05	0.056171	0.01101
0.033346	0.00018628	1	0.022704	0.05	0.056204	0.01101
0.033346	0.00018629	1	0.022737	0.05	0.056237	0.01101
0.033346	0.0001863	1	0.02277	0.05	0.05627	0.01101
0.033346	0.00018631	1	0.022803	0.05	0.056303	0.01101
0.033346	0.00018632	1	0.022836	0.05	0.056336	0.01101
0.033346	0.00018634	1	0.022869	0.05	0.056369	0.01101
0.033346	0.00018635	1	0.022902	0.05	0.056402	0.01101
0.033346	0.00018636	1	0.022935	0.05	0.056435	0.01101
0.033346	0.00018637	1	0.022968	0.05	0.056468	0.01101
0.033346	0.00018639	1	0.023001	0.05	0.056501	0.01101
0.033346	0.0001864	1	0.023034	0.05	0.056534	0.01101
0.033346	0.00018641	1	0.023067	0.05	0.056567	0.01101
0.033346	0.00018642	1	0.0231	0.05	0.0566	0.01101
0.033346	0.00018643	1	0.023133	0.05	0.056633	0.01101
0.033346	0.00018645	1	0.023166	0.05	0.056666	0.01101
0.033346	0.00018628	1	0.023199	0.05	0.056699	0.01101
0.033346	0.0001863	1	0.023232	0.05	0.056732	0.01101
0.033346	0.00018631	1	0.023265	0.05	0.056765	0.01101
0.033346	0.00018632	1	0.023298	0.05	0.056798	0.01101
0.033346	0.00018633	1	0.023331	0.05	0.056831	0.01101
0.033346	0.00018634	1	0.023364	0.05	0.056864	0.01101
0.033346	0.00018635	1	0.023397	0.05	0.056897	0.01101
0.033346	0.00018636	1	0.02343	0.05	0.05693	0.01101
0.033346	0.00018637	1	0.023463	0.05	0.056963	0.01101
0.033346	0.00018638	1	0.023496	0.05	0.056996	0.01101
0.033346	0.00018639	1	0.023529	0.05	0.057029	0.01101
0.033346	0.0001864	1	0.023562	0.05	0.057062	0.01101
0.033346	0.00018641	1	0.023595	0.05	0.057095	0.01101
0.033346	0.00018643	1	0.023628	0.05	0.057128	0.01101
0.033346	0.00018644	1	0.023661	0.05	0.057161	0.01101
0.033346	0.00018645	1	0.023694	0.05	0.057194	0.01101
0.033346	0.00018646	1	0.023727	0.05	0.057227	0.01101
0.033346	0.00018647	1	0.02376	0.05	0.05726	0.01101
0.033346	0.00018648	1	0.023793	0.05	0.057293	0.01101
0.033346	0.00018649	1	0.023826	0.05	0.057326	0.01101
0.033346	0.0001865	1	0.023859	0.05	0.057359	0.01101
0.033346	0.00018651	1	0.023892	0.05	0.057392	0.01101
0.033346	0.00018652	1	0.023925	0.05	0.057425	0.01101
0.033346	0.00018653	1	0.023958	0.05	0.057458	0.01101
0.033346	0.00018655	1	0.023991	0.05	0.057491	0.01101
0.033346	0.00018656	1	0.024024	0.05	0.057524	0.01101
0.033346	0.00018657	1	0.024057	0.05	0.057557	0.01101
0.033346	0.00018658	1	0.02409	0.05	0.05759	0.01101
0.033346	0.00018659	1	0.024123	0.05	0.057623	0.01101
0.033346	0.0001866	1	0.024156	0.05	0.057656	0.01101
0.033346	0.00018661	1	0.024189	0.05	0.057689	0.01101
0.033346	0.00018662	1	0.024222	0.05	0.057722	0.01101
0.033346	0.00018663	1	0.024255	0.05	0.057755	0.01101
0.033346	0.00018664	1	0.024288	0.05	0.057788	0.01101
0.033346	0.00018665	1	0.024321	0.05	0.057821	0.01101
0.033346	0.00018666	1	0.024354	0.05	0.057854	0.01101
0.033346	0.00018668	1	0.024387	0.05	0.057887	0.01101
0.033346	0.00018669	1	0.02442	0.05	0.05792	0.01101
0.033346	0.0001867	1	0.024453	0.05	0.057953	0.01101
0.033346	0.00018671	1	0.024486	0.05	0.057986	0.01101
0.033346	0.00018672	1	0.024519	0.05	0.058019	0.01101
0.033346	0.00018673	1	0.024552	0.05	0.058052	0.01101
0.033346	0.00018674	1	0.024585	0.05	0.058085	0.01101
0.033346	0.00018675	1	0.024618	0.05	0.058118	0.01101
0.033346	0.00018676	1	0.024651	0.05	0.058151	0.01101
0.033346	0.00018677	1	0.024684	0.05	0.058184	0.01101
0.033346	0.00018679	1	0.024717	0.05	0.058217	0.01101
0.033346	0.0001868	1	0.02475	0.05	0.05825	0.01101
0.033346	0.00018681	1	0.024783	0.05	0.058283	0.01101
0.033346	0.00018682	1	0.024816	0.05	0.058316	0.01101
0.033346	0.00018683	1	0.024849	0.05	0.058349	0.01101
0.033346	0.00018677	1	0.024882	0.05	0.058382	0.01101
0.033346	0.00018651	1	0.024915	0.05	0.058415	0.01101
0.033346	0.00018647	1	0.024948	0.05	0.058448	0.01101
0.033346	0.00018648	1	0.024981	0.05	0.058481	0.01101
0.033346	0.00018649	1	0.025014	0.05	0.058514	0.01101
0.033346	0.0001865	1	0.025047	0.05	0.058547	0.01101
0.033346	0.00018651	1	0.02508	0.05	0.05858	0.01101
0.033346	0.00018653	1	0.025113	0.05	0.058613	0.01101
0.033346	0.00018654	1	0.025146	0.05	0.058646	0.01101
0.033346	0.00018655	1	0.025179	0.05	0.058679	0.01101
0.033346	0.00018656	1	0.025212	0.05	0.058712	0.01101
0.033346	0.00018657	1	0.025245	0.05	0.058745	0.01101
0.033346	0.00018659	1	0.025278	0.05	0.058778	0.01101
0.033346	0.0001866	1	0.025311	0.05	0.058811	0.01101
0.033346	0.00018661	1	0.025344	0.05	0.058844	0.01101
0.033346	0.00018662	1	0.025377	0.05	0.058877	0.01101
0.033346	0.00018663	1	0.02541	0.05	0.05891	0.01101
0.033346	0.00018664	1	0.025443	0.05	0.058943	0.01101
0.033346	0.00018666	1	0.025476	0.05	0.058976	0.01101
0.033346	0.00018667	1	0.025509	0.05	0.059009	0.01101
0.033346	0.00018668	1	0.025542	0.05	0.059042	0.01101
0.033346	0.00018669	1	0.025575	0.05	0.059075	0.01101
0.033346	0.0001867	1	0.025608	0.05	0.059108	0.01101
0.033346	0.00018672	1	0.025641	0.05	0.059141	0.01101
0.033346	0.00018673	1	0.025674	0.05	0.059174	0.01101
0.033346	0.00018674	1	0.025707	0.05	0.059207	0.01101
0.033346	0.00018675	1	0.02574	0.05	0.05924	0.01101
0.033346	0.00018676	1	0.025773	0.05	0.059273	0.01101
0.033346	0.00018677	1	0.025806	0.05	0.059306	0.01101
0.033346	0.00018679	1	0.025839	0.05	0.059339	0.01101
0.033346	0.0001868	1	0.025872	0.05	0.059372	0.01101
0.033346	0.00018681	1	0.025905	0.05	0.059405	0.01101
0.033346	0.00018682	1	0.025938	0.05	0.059438	0.01101
0.033346	0.00018683	1	0.025971	0.05	0.059471	0.01101
0.033346	0.00018684	1	0.026004	0.05	0.059504	0.01101
0.033346	0.00018658	1	0.026037	0.05	0.059537	0.01101
0.033346	0.00018659	1	0.02607	0.05	0.05957	0.01101
0.033346	0.00018661	1	0.026103	0.05	0.059603	0.01101
0.033346	0.00018662	1	0.026136	0.05	0.059636	0.01101
0.033346	0.00018663	1	0.026169	0.05	0.059669	0.01101
0.033346	0.00018665	1	0.026202	0.05	0.059702	0.01101
0.033346	0.00018666	1	0.026235	0.05	0.059735	0.01101
0.033346	0.00018667	1	0.026268	0.05	0.059768	0.01101
0.033346	0.00018669	1	0.026301	0.05	0.059801	0.01101
0.033346	0.0001867	1	0.026334	0.05	0.059834	0.01101
0.033346	0.00018671	1	0.026367	0.05	0.059867	0.01101
0.033346	0.00018673	1	0.0264	0.05	0.0599	0.01101
0.033346	0.00018674	1	0.026433	0.05	0.059933	0.01101
0.033346	0.00018675	1	0.026466	0.05	0.059966	0.01101
0.033346	0.00018677	1	0.026499	0.05	0.059999	0.01101
0.033346	0.00018678	1	0.026532	0.05	0.060032	0.01101
0.033346	0.00018679	1	0.026565	0.05	0.060065	0.01101
0.033346	0.00018681	1	0.026598	0.05	0.060098	0.01101
0.033346	0.00018682	1	0.026631	0.05	0.060131	0.01101
0.033346	0.00018683	1	0.026664	0.05	0.060164	0.01101
0.033346	0.00018685	1	0.026697	0.05	0.060197	0.01101
0.033346	0.00018686	1	0.02673	0.05	0.06023	0.01101
0.033346	0.00018687	1	0.026763	0.05	0.060263	0.01101
0.033346	0.00018689	1	0.026796	0.05	0.060296	0.01101
0.033346	0.0001869	1	0.026829	0.05	0.060329	0.01101
0.033346	0.00018692	1	0.026862	0.05	0.060362	0.01101
0.033346	0.00018693	1	0.026895	0.05	0.060395	0.01101
0.033346	0.00018694	1	0.026928	0.05	0.060428	0.01101
0.033346	0.00018696	1	0.026961	0.05	0.060461	0.01101
0.033346	0.00018697	1	0.026994	0.05	0.060494	0.01101
0.033346	0.00018698	1	0.027027	0.05	0.060527	0.01101
0.033346	0.000187	1	0.02706	0.05	0.06056	0.01101
0.033346	0.00018701	1	0.027093	0.05	0.060593	0.01101
0.033346	0.0001869	1	0.027126	0.05	0.060626	0.01101
0.033346	0.00018692	1	0.027159	0.05	0.060659	0.01101
0.033346	0.00018604	1	0.027192	0.05	0.060692	0.01101
0.033346	0.00018585	1	0.027225	0.05	0.060725	0.01101
0.033346	0.00018587	1	0.027258	0.05	0.060758	0.01101
0.033346	0.00018589	1	0.027291	0.05	0.060791	0.01101
0.033346	0.00018592	1	0.027324	0.05	0.060824	0.01101
0.033346	0.00018594	1	0.027357	0.05	0.060857	0.01101
0.033346	0.00018596	1	0.02739	0.05	0.06089	0.01101
0.033346	0.00018598	1	0.027423	0.05	0.060923	0.01101
0.033346	0.000186	1	0.027456	0.05	0.060956	0.01101
0.033346	0.00018602	1	0.027489	0.05	0.060989	0.01101
0.033346	0.00018604	1	0.027522	0.05	0.061022	0.01101
0.033346	0.00018606	1	0.027555	0.05	0.061055	0.01101
0.033346	0.00018608	1	0.027588	0.05	0.061088	0.01101
0.033346	0.00018611	1	0.027621	0.05	0.061121	0.01101
0.033346	0.00018613	1	0.027654	0.05	0.061154	0.01101
0.033346	0.00018615	1	0.027687	0.05	0.061187	0.01101
0.033346	0.00018617	1	0.02772	0.05	0.06122	0.01101
0.033346	0.00018619	1	0.027753	0.05	0.061253	0.01101
0.033346	0.00018622	1	0.027786	0.05	0.061286	0.01101
0.033346	0.00018624	1	0.027819	0.05	0.061319	0.01101
0.033346	0.00018626	1	0.027852	0.05	0.061352	0.01101
0.033346	0.00018628	1	0.027885	0.05	0.061385	0.01101
0.033346	0.00018631	1	0.027918	0.05	0.061418	0.01101
0.033346	0.00018633	1	0.027951	0.05	0.061451	0.01101
0.033346	0.00018635	1	0.027984	0.05	0.061484	0.01101
0.033346	0.00018638	1	0.028017	0.05	0.061517	0.01101
0.033346	0.0001864	1	0.02805	0.05	0.06155	0.01101
0.033346	0.00018642	1	0.028083	0.05	0.061583	0.01101
0.033346	0.00018645	1	0.028115	0.05	0.061616	0.01101
0.033346	0.00018647	1	0.028149	0.05	0.061649	0.01101
0.033346	0.00018649	1	0.028182	0.05	0.061682	0.01101
0.033346	0.00018652	1	0.028214	0.05	0.061715	0.01101
0.033346	0.00018654	1	0.028247	0.05	0.061748	0.01101
0.033346	0.00018656	1	0.028281	0.05	0.061781	0.01101
0.033346	0.00018543	1	0.028313	0.05	0.061814	0.01101
0.033346	0.00018547	1	0.028346	0.05	0.061847	0.01101
0.033346	0.00018551	1	0.028379	0.05	0.06188	0.01101
0.033346	0.00018556	1	0.028412	0.05	0.061913	0.01101
0.033346	0.0001856	1	0.028445	0.05	0.061946	0.01101
0.033346	0.00018564	1	0.028478	0.05	0.061979	0.01101
0.033346	0.00018568	1	0.028511	0.05	0.062012	0.01101
0.033346	0.00018573	1	0.028544	0.05	0.062045	0.01101
0.033346	0.00018565	1	0.028577	0.05	0.062078	0.01101
0.033346	0.00018551	1	0.02861	0.05	0.062111	0.01101
0.033346	0.00018554	1	0.028643	0.05	0.062144	0.01101
0.033346	0.00018558	1	0.028676	0.05	0.062177	0.01101
0.033346	0.00018561	1	0.028709	0.05	0.06221	0.01101
0.033346	0.00018564	1	0.028742	0.05	0.062243	0.01101
0.033346	0.00018567	1	0.028775	0.05	0.062276	0.01101
0.033346	0.0001857	1	0.028808	0.05	0.062309	0.01101
0.033346	0.00018574	1	0.028841	0.05	0.062342	0.01101
0.033346	0.00018577	1	0.028874	0.05	0.062375	0.01101
0.033346	0.0001858	1	0.028907	0.05	0.062408	0.01101
0.033346	0.00018584	1	0.02894	0.05	0.062441	0.01101
0.033346	0.00018587	1	0.028973	0.05	0.062474	0.01101
0.033346	0.00018591	1	0.029006	0.05	0.062507	0.01101
0.033346	0.00018595	1	0.029039	0.05	0.06254	0.01101
0.033346	0.00018598	1	0.029072	0.05	0.062573	0.01101
0.033346	0.00018602	1	0.029105	0.05	0.062606	0.01101
0.033346	0.00018606	1	0.029138	0.05	0.062639	0.01101
0.033346	0.00018609	1	0.029171	0.05	0.062672	0.01101
0.033346	0.00018613	1	0.029204	0.05	0.062705	0.01101
0.033346	0.00018617	1	0.029237	0.05	0.062738	0.01101
0.033346	0.00018621	1	0.02927	0.05	0.062771	0.01101
0.033346	0.00018625	1	0.029303	0.05	0.062804	0.01101
0.033346	0.00018562	1	0.029336	0.05	0.062837	0.01101
0.033346	0.00018497	1	0.029369	0.05	0.06287	0.01101
0.033346	0.00018502	1	0.029402	0.05	0.062903	0.01101
0.033346	0.00018508	1	0.029435	0.05	0.062936	0.01101
0.033346	0.00018515	1	0.029468	0.05	0.062969	0.01101
0.033346	0.00018521	1	0.029501	0.05	0.063002	0.01101
0.033346	0.00018527	1	0.029534	0.05	0.063035	0.01101
0.033346	0.00018534	1	0.029567	0.05	0.063068	0.01101
0.033346	0.0001854	1	0.0296	0.05	0.063101	0.01101
0.033346	0.00018547	1	0.029633	0.05	0.063134	0.01101
0.033346	0.00018554	1	0.029666	0.05	0.063167	0.01101
0.033346	0.00018561	1	0.029699	0.05	0.0632	0.01101
0.033346	0.00018568	1	0.029732	0.05	0.063233	0.01101
0.033346	0.00018575	1	0.029765	0.05	0.063266	0.01101
0.033346	0.00018583	1	0.029798	0.05	0.063299	0.01101
0.033346	0.0001859	1	0.029831	0.05	0.063332	0.01101
0.033346	0.00018598	1	0.029864	0.05	0.063365	0.01101
0.033346	0.00018606	1	0.029897	0.05	0.063398	0.01101
0.033346	0.00018614	1	0.02993	0.05	0.063431	0.01101
0.033346	0.00018622	1	0.029963	0.05	0.063464	0.01101
0.033346	0.0001863	1	0.029996	0.05	0.063497	0.01101
0.033346	0.00018638	1	0.030029	0.05	0.06353	0.01101
0.033346	0.00018647	1	0.030062	0.05	0.063563	0.01101
0.033346	0.00018655	1	0.030095	0.05	0.063596	0.01101
0.033346	0.00018633	1	0.030128	0.05	0.063629	0.01101
0.033346	0.00018648	1	0.030161	0.05	0.063662	0.01101
0.033346	0.00018584	1	0.030194	0.05	0.063695	0.01101
0.033346	0.00018594	1	0.030227	0.05	0.063728	0.01101
0.033346	0.00018437	1	0.03026	0.05	0.063761	0.01101
0.033346	0.00018453	1	0.030293	0.05	0.063794	0.01101
0.033346	0.00018468	1	0.030326	0.05	0.063827	0.01101
0.033346	0.00018484	1	0.030359	0.05	0.06386	0.01101
0.033346	0.00018501	1	0.030392	0.05	0.063893	0.01101
0.033346	0.00018517	1	0.030425	0.05	0.063926	0.01101
0.033346	0.00018534	1	0.030458	0.05	0.063959	0.01101
0.033346	0.00018552	1	0.030491	0.05	0.063992	0.01101
0.033346	0.0001857	1	0.030524	0.05	0.064025	0.01101
0.033346	0.00018588	1	0.030557	0.05	0.064058	0.01101
0.033346	0.00018606	1	0.03059	0.05	0.064091	0.01101
0.033346	0.00018625	1	0.030623	0.05	0.064124	0.01101
0.033346	0.00018644	1	0.030656	0.05	0.064157	0.01101
0.033346	0.00018664	1	0.030689	0.05	0.06419	0.01101
0.033346	0.00018683	1	0.030722	0.05	0.064223	0.01101
0.033346	0.00018704	1	0.030755	0.05	0.064256	0.01101
0.033346	0.00018724	1	0.030788	0.05	0.064289	0.01101
0.033346	0.00018745	1	0.030821	0.05	0.064322	0.01101
0.033346	0.00018766	1	0.030854	0.05	0.064355	0.01101
0.033346	0.00018788	1	0.030887	0.05	0.064388	0.01101
0.033346	0.0001881	1	0.03092	0.05	0.064421	0.01101
0.033346	0.00018832	1	0.030953	0.05	0.064454	0.01101
0.033346	0.00018854	1	0.030986	0.05	0.064487	0.01101
0.033346	0.00018877	1	0.031019	0.05	0.06452	0.01101
0.033346	0.00018901	1	0.031052	0.05	0.064553	0.01101
0.033346	0.00018924	1	0.031085	0.05	0.064586	0.01101
0.033346	0.00018415	1	0.031118	0.05	0.064619	0.01101
0.033346	0.00018486	1	0.031151	0.05	0.064652	0.01101
0.033346	0.00018559	1	0.031184	0.05	0.064685	0.01101
0.033346	0.00018632	1	0.031217	0.05	0.064718	0.01101
0.033346	0.00018707	1	0.03125	0.05	0.064751	0.01101
0.033346	0.00018783	1	0.031283	0.05	0.064784	0.01101
0.033346	0.0001886	1	0.031316	0.05	0.064817	0.01101
0.033346	0.00018939	1	0.031349	0.05	0.06485	0.01101
0.033346	0.00019018	1	0.031382	0.05	0.064883	0.01101
0.033346	0.00019099	1	0.031415	0.05	0.064916	0.01101
0.033346	0.00019181	1	0.031448	0.05	0.064949	0.01101
0.033346	0.00019265	1	0.031481	0.05	0.064982	0.01101
0.033346	0.00019349	1	0.031514	0.05	0.065015	0.01101
0.033346	0.00019435	1	0.031547	0.05	0.065048	0.01101
0.033346	0.00019522	1	0.03158	0.05	0.065081	0.01101
0.033346	0.0001961	1	0.031613	0.05	0.065114	0.01101
0.033346	0.000197	1	0.031646	0.05	0.065147	0.01101
0.033346	0.0001979	1	0.031679	0.05	0.06518	0.01101
0.033346	0.00019882	1	0.031712	0.05	0.065213	0.01101
0.033346	0.00019975	1	0.031745	0.05	0.065246	0.01101
0.033346	0.00020069	1	0.031778	0.05	0.065279	0.01101
0.033346	0.00020165	1	0.031811	0.05	0.065312	0.01101
0.033346	0.00020262	1	0.031844	0.05	0.065345	0.01101
0.033346	0.0002036	1	0.031877	0.05	0.065378	0.01101
0.033346	0.00020459	1	0.03191	0.05	0.065411	0.01101
0.033346	0.00019849	1	0.031943	0.05	0.065444	0.01101
0.033346	0.0001909	1	0.031976	0.05	0.065477	0.01101
0.033346	0.00019174	1	0.032009	0.05	0.06551	0.01101
0.033346	0.00019259	1	0.032042	0.05	0.065543	0.01101
0.033346	0.00017557	1	0.032075	0.05	0.065576	0.01101
0.033346	0.00018378	1	0.032108	0.05	0.065609	0.01101
0.033346	0.0001921	1	0.032141	0.05	0.065642	0.01101
0.033346	0.00020054	1	0.032174	0.05	0.065675	0.01101
0.033346	0.00021059	1	0.032207	0.05	0.065708	0.01101
0.033346	0.00022029	1	0.03224	0.05	0.065741	0.01101
0.033346	0.00023011	1	0.032273	0.05	0.065774	0.01101
0.033346	0.00024004	1	0.032306	0.05	0.065807	0.01101
0.033346	0.00025009	1	0.032339	0.05	0.06584	0.01101
0.033346	0.00026026	1	0.032372	0.05	0.065873	0.01101
0.033346	0.00027055	1	0.032405	0.05	0.065906	0.01101
0.033346	0.00028095	1	0.032438	0.05	0.065939	0.01101
0.033346	0.00029147	1	0.032471	0.05	0.065972	0.01101
0.033346	0.00030211	1	0.032504	0.05	0.066005	0.01101
0.033346	0.00031287	1	0.032537	0.05	0.066038	0.01101
0.033346	0.00032375	1	0.03257	0.05	0.066071	0.01101
0.033346	0.00033474	1	0.032603	0.05	0.066104	0.01101
0.033346	0.00034585	1	0.032636	0.05	0.066137	0.01101
0.033346	0.00035707	1	0.032669	0.05	0.06617	0.01101
0.033346	0.00036842	1	0.032702	0.05	0.066203	0.01101
0.033346	0.00037988	1	0.032735	0.05	0.066236	0.01101
0.033346	0.00039146	1	0.032768	0.05	0.066269	0.01101
0.033346	0.00040316	1	0.032801	0.05	0.066302	0.01101
0.033346	0.00041497	1	0.032834	0.05	0.066335	0.01101
0.033346	0.00042691	1	0.032867	0.05	0.066368	0.01101
0.033346	0.00043896	1	0.0329	0.05	0.066401	0.01101
0.033346	0.00045112	1	0.032933	0.05	0.066434	0.01101
0.033346	0.00046341	1	0.032966	0.05	0.066467	0.01101
0.03317	23.188	1	0.032999	0.05	0.0665	0.01101
